id,title,description,availability,condition,price,link,image_link,brand,google_product_category,fb_product_category
16,"عباية الأندلس 🌿","عباية فاخرة وتصميم أنيق من زهرة بيسان كوتور",out of stock,new,35.00 JOD,https://zahratbeesan.com/product/16,https://zahratbeesan.com/1786520070249-773310884_1786299536249054.jpg,"Zahrat Beesan Couture","Clothing & Accessories > Clothing > Traditional & Ceremonial Clothing","clothing & accessories > clothing > dresses"
8,"ثوب الأناقة السوداء 💎","عباية فاخرة وتصميم أنيق من زهرة بيسان كوتور",out of stock,new,30.00 JOD,https://zahratbeesan.com/product/8,https://zahratbeesan.com/1786520013728-54_20260308_113803_0011.png,"Zahrat Beesan Couture","Clothing & Accessories > Clothing > Traditional & Ceremonial Clothing","clothing & accessories > clothing > dresses"
7,"ثوب بيسان 🌿","عباية فاخرة وتصميم أنيق من زهرة بيسان كوتور",out of stock,new,50.00 JOD,https://zahratbeesan.com/product/7,https://zahratbeesan.com/1786520099931-964389640_1786371335661564.jpg,"Zahrat Beesan Couture","Clothing & Accessories > Clothing > Traditional & Ceremonial Clothing","clothing & accessories > clothing > dresses"
6,"ثوب اليشمك","عباية فاخرة وتصميم أنيق من زهرة بيسان كوتور",out of stock,new,30.00 JOD,https://zahratbeesan.com/product/6,https://zahratbeesan.com/1786520124449-599738462_1782322285332873.jpg,"Zahrat Beesan Couture","Clothing & Accessories > Clothing > Traditional & Ceremonial Clothing","clothing & accessories > clothing > dresses"
5,"قفطان الياقوتة💎","قطعة استثنائية ثمينة كحجر الياقوت النادر. يمزج قفطان الياقوتة بين النقوش الأندلسية الفاخرة والخيوط الملونة الدافئة، وتكتمل أناقته بأكمام الجرس الواسعة (Bell Sleeves) وحزام خصر متناسق يُبرز أنوثتك الشرقية.

",out of stock,new,60.00 JOD,https://zahratbeesan.com/product/5,https://zahratbeesan.com/1786519963536-904099534_1782471925397618.jpg,"Zahrat Beesan Couture","Clothing & Accessories > Clothing > Traditional & Ceremonial Clothing","clothing & accessories > clothing > dresses"
4,"قفطان الأميرة 👑","عباية فاخرة وتصميم أنيق من زهرة بيسان كوتور",out of stock,new,60.00 JOD,https://zahratbeesan.com/product/4,https://zahratbeesan.com/1786520138944-678591191_1782578415985393.jpg,"Zahrat Beesan Couture","Clothing & Accessories > Clothing > Traditional & Ceremonial Clothing","clothing & accessories > clothing > dresses"
3,"ثوب السلطانة الملكي👑","عراقة التراث الشرقي مجسدة في قفطان السلطانة الملكي. مصنوع من قماش فاخر محبوك بالكامل بنقوش وزخارف تراثية دقيقة، مع حزام خصر عريض يحدد القوام بجمال، وياقة مرتفعة تزيد من هيبة وفخامة الإطلالة.

",out of stock,new,60.00 JOD,https://zahratbeesan.com/product/3,https://zahratbeesan.com/1786519923811-220582796_1782498825982749.jpg,"Zahrat Beesan Couture","Clothing & Accessories > Clothing > Traditional & Ceremonial Clothing","clothing & accessories > clothing > dresses"
2,"عباية اللؤلؤة العصرية 🦪 ","تصميم مريح وأنيق يعكس بساطة الفخامة الحديثة. تأتي عباية اللؤلؤة كعباية مفتوحة منفردة بقصّة راقية وياقة مميزة بتطريز فاخر على الياقة والأكمام، مصممة لتنسيقها بحرية فوق ملابسك وتمنحك حرية الحركة وإشراقة استثنائية. متوفرة بعدة ألوان ساحرة.

",out of stock,new,25.00 JOD,https://zahratbeesan.com/product/2,https://zahratbeesan.com/1786519868822-566777010_1782578073971672.jpg,"Zahrat Beesan Couture","Clothing & Accessories > Clothing > Traditional & Ceremonial Clothing","clothing & accessories > clothing > dresses"
1,"قفطان تاج بيسان العرائسي","قفطان كريمي انسيابي مزيّن بتطريز أنيق باللون الذهبي والكحلي على المقدمة والأكمام، يمنح إطلالة ملكية تليق بأبهج المناسبات؛ من حفلات الزفاف والخطوبة، إلى ليالي الحنّة والمناسبات العائلية الكبرى.",out of stock,new,60.00 JOD,https://zahratbeesan.com/product/1,https://zahratbeesan.com/1786519839820-435844472_1782492481694060.jpg,"Zahrat Beesan Couture","Clothing & Accessories > Clothing > Traditional & Ceremonial Clothing","clothing & accessories > clothing > dresses"
